{"stats":{"minecraft:killed":{"minecraft:chicken":1},"minecraft:used":{"minecraft:netherite_sword":1,"hamsters:hamster":1},"minecraft:custom":{"minecraft:jump":95,"minecraft:time_since_rest":30117,"minecraft:walk_under_water_one_cm":564,"minecraft:damage_dealt":84,"minecraft:leave_game":2,"minecraft:play_time":30117,"minecraft:sprint_one_cm":3352,"minecraft:walk_on_water_one_cm":255,"minecraft:time_since_death":30117,"minecraft:walk_one_cm":7618,"minecraft:sneak_time":148,"minecraft:climb_one_cm":47,"minecraft:total_world_time":39931,"minecraft:mob_kills":1,"minecraft:drop":2,"minecraft:fly_one_cm":134617},"minecraft:dropped":{"sophisticatedbackpacks:backpack":1,"minecraft:netherite_sword":1}},"DataVersion":3465}