{"stats":{"minecraft:used":{"minecraft:bread":10,"minecraft:chest":1,"minecraft:spruce_sapling":1,"minecraft:purple_bed":1,"minecraft:crafting_table":2,"minecraft:oak_sapling":1,"minecraft:potato":26},"minecraft:crafted":{"minecraft:oak_planks":16,"minecraft:crafting_table":1,"minecraft:chest":1,"minecraft:bread":9,"minecraft:wheat":27},"minecraft:picked_up":{"minecraft:crafting_table":1,"minecraft:pumpkin":2,"minecraft:potato":2,"minecraft:oak_log":4,"minecraft:purple_bed":1,"minecraft:wheat_seeds":1,"minecraft:hay_block":3,"minecraft:oak_sapling":1},"minecraft:custom":{"minecraft:time_since_rest":39184,"minecraft:sprint_one_cm":187634,"minecraft:damage_taken":310,"minecraft:walk_one_cm":103523,"minecraft:drop":1,"minecraft:damage_dealt":30,"minecraft:interact_with_crafting_table":2,"minecraft:swim_one_cm":6137,"minecraft:fly_one_cm":431039,"minecraft:open_chest":3,"minecraft:crouch_one_cm":3019,"minecraft:play_time":39184,"minecraft:sneak_time":1173,"minecraft:walk_under_water_one_cm":3100,"minecraft:jump":1084,"minecraft:interact_with_blast_furnace":1,"minecraft:leave_game":1,"minecraft:walk_on_water_one_cm":8686,"minecraft:time_since_death":39184,"minecraft:total_world_time":39184,"minecraft:interact_with_smoker":1,"minecraft:fall_one_cm":25266},"minecraft:mined":{"minecraft:hay_block":3,"minecraft:purple_bed":1,"minecraft:pumpkin":2,"minecraft:crafting_table":1,"minecraft:grass":6,"minecraft:oak_log":4,"minecraft:tall_grass":5,"minecraft:oak_leaves":8},"minecraft:dropped":{"minecraft:wheat_seeds":1}},"DataVersion":3465}