{"stats":{"minecraft:used":{"minecraft:wooden_axe":39,"minecraft:apple":3,"minecraft:poppy":1,"minecraft:wooden_pickaxe":33,"minecraft:sand":27,"minecraft:oak_sapling":3,"minecraft:cooked_porkchop":4,"minecraft:potato":10,"minecraft:azure_bluet":1},"minecraft:killed":{"minecraft:sheep":3,"minecraft:pig":4,"minecraft:cow":1},"minecraft:crafted":{"minecraft:oak_planks":28,"minecraft:cooked_porkchop":5,"minecraft:stick":4,"minecraft:wooden_pickaxe":1,"minecraft:wooden_axe":1,"minecraft:air":0},"minecraft:picked_up":{"minecraft:sandstone":3,"minecraft:crafting_table":1,"minecraft:stick":2,"minecraft:wheat":2,"minecraft:azure_bluet":1,"minecraft:leather":1,"minecraft:oak_stairs":1,"minecraft:potato":1,"minecraft:sand":27,"minecraft:porkchop":8,"minecraft:oak_log":11,"minecraft:blast_furnace":2,"minecraft:yellow_bed":1,"minecraft:blue_bed":1,"minecraft:dirt":9,"minecraft:apple":1,"minecraft:wheat_seeds":9,"minecraft:spruce_planks":1,"minecraft:beef":3,"minecraft:black_wool":1,"minecraft:oak_sapling":3,"minecraft:mutton":4,"minecraft:white_wool":2},"minecraft:broken":{"minecraft:wooden_axe":1},"minecraft:custom":{"minecraft:time_since_rest":41972,"minecraft:walk_one_cm":105267,"minecraft:sprint_one_cm":101541,"minecraft:damage_taken":220,"minecraft:mob_kills":8,"minecraft:drop":2,"minecraft:damage_dealt":736,"minecraft:interact_with_crafting_table":3,"minecraft:swim_one_cm":13774,"minecraft:talked_to_villager":2,"minecraft:fly_one_cm":435978,"minecraft:open_chest":3,"minecraft:crouch_one_cm":1761,"minecraft:play_time":41972,"minecraft:sneak_time":1251,"minecraft:walk_under_water_one_cm":4496,"minecraft:pot_flower":1,"minecraft:jump":1298,"minecraft:interact_with_stonecutter":1,"minecraft:leave_game":1,"minecraft:walk_on_water_one_cm":8847,"minecraft:time_since_death":41972,"minecraft:total_world_time":42104,"minecraft:interact_with_smoker":1,"minecraft:fall_one_cm":36207},"minecraft:mined":{"minecraft:spruce_planks":1,"minecraft:oak_sapling":1,"minecraft:wheat":2,"minecraft:crafting_table":1,"minecraft:yellow_bed":1,"minecraft:azure_bluet":1,"minecraft:torch":1,"minecraft:grass":11,"minecraft:blast_furnace":2,"minecraft:grass_block":5,"minecraft:oak_log":11,"minecraft:oak_stairs":1,"minecraft:sand":28,"minecraft:dirt":4,"minecraft:tall_grass":4,"minecraft:sandstone":4,"minecraft:oak_leaves":1,"minecraft:blue_bed":1},"minecraft:dropped":{"minecraft:potato":2}},"DataVersion":3465}